base,ctr,case
CCA,0.055878928903762504,0.047193947886832996
CCT,0.0535717049917075,0.0455260454651295
CCC,0.0503068375713685,0.0408537923584035
TGT,0.0353254802868695,0.034785744833041005
TGA,0.031888393333092,0.033029602170017006
TAT,0.028057836239159,0.028229753317403
TAA,0.0275676170633385,0.030059360873511
CAA,0.030888340670266502,0.030461565157301
AAA,0.021929745205563,0.025464783319208498
TCT,0.0259448302659935,0.025309307819274
CAT,0.026492141344386502,0.025129737517771998
GGA,0.0239671632557455,0.0225573790509005
CAG,0.023898850185771002,0.0247955156667415
CTT,0.02179940529047,0.021170926165329
GAA,0.017475161808624,0.0196053951006525
GGT,0.019496280589912998,0.0185386062770325
ACA,0.018337999401546498,0.017628127915509502
TGC,0.022096793414917,0.0210499627236075
CAC,0.021754809826467,0.019861714529577
TCA,0.019076465258705502,0.020290991781590002
TGG,0.021099353143710503,0.0225719544824305
GGC,0.020220578097227,0.01797284858997
TTT,0.015844533712241,0.0180636409272385
TAC,0.0169045748972845,0.016679299500415003
AGA,0.016570996608622497,0.0183640397000315
TCC,0.017347754319975997,0.016809474293245003
CTG,0.017960817121108502,0.018946166269485
ACT,0.0142931818625855,0.01369300559026
ACC,0.014363547971903999,0.012899074916339
GGG,0.012064658731775,0.012120775595861
TAG,0.012457326843041999,0.013714881241332
CTA,0.014308293678530998,0.015138636873694999
AAT,0.0104245017768415,0.0114929859046795
AGT,0.012863835218809,0.012901488685861499
GCC,0.013078913471822,0.013242284789112
GCA,0.011938993167983001,0.0117688178709975
CTC,0.013029076866377,0.0134108992648605
GAT,0.009853385143704,0.0105861578379505
AGC,0.011064874379653498,0.0107875070624505
GAC,0.0097383452570285,0.0093041827337735
AAG,0.007454480761655001,0.0085649844902005
AGG,0.0093454282632955,0.011127632332821
TTA,0.008954324263491999,0.011136370946436
ATT,0.008515094558826,0.0092753027278775
AAC,0.009152956793725499,0.0089467936465375
GAG,0.0071568188578309995,0.0090621307081315
GCT,0.009678738410312,0.010312158741644
ATA,0.0077174888395365,0.009739791341097499
TTG,0.0071113594510785,0.0090320707224615
GTT,0.0071462080374055,0.008125478911832
ATG,0.004968886810241,0.0063313008647745
CGT,0.00675013744335,0.0057940739887835
GTA,0.004479728084209,0.0059913183820025
TTC,0.0055183201903264995,0.007530983209706001
ATC,0.004591698439006,0.004979663376192
GTG,0.0044556756020019996,0.0057151979103529996
CGA,0.0054317380186675,0.0046566819511835
CGC,0.004538317918982,0.003790769347914
GTC,0.0038439464062995,0.004315295179761
CGG,0.00424859395042,0.003860682029025
CCG,0.0026022579944355003,0.0027473706728025
ACG,0.000754908908676,0.00100204954293
TCG,0.0008192996768935,0.0011333655289475
GCG,0.0005696233031089999,0.000682431487711
MDS,0.9385741031715885,0.9482068427203355
Gini,0.9755118193143351,0.977511128823715
